<msdyn_planartifact msdyn_planartifactid="c0d995c0-0b6f-f011-b4cc-6045bdf97a8f">
  <iscustomizable>1</iscustomizable>
  <msdyn_artifactmetadataschemaversion>1.0</msdyn_artifactmetadataschemaversion>
  <msdyn_artifactstatus>419550000</msdyn_artifactstatus>
  <msdyn_description>Automatically sends notifications to technicians and dispatchers when job status or scheduling changes, keeping all team members informed in real time.</msdyn_description>
  <msdyn_name>Job update notifications</msdyn_name>
  <msdyn_proposal mimetype="application/octet-stream">Job%20update%20notifications</msdyn_proposal>
  <msdyn_proposalschemaversion>1.0</msdyn_proposalschemaversion>
  <msdyn_type>PowerAutomateFlow</msdyn_type>
  <statecode>0</statecode>
  <statuscode>1</statuscode>
</msdyn_planartifact>