<msdyn_planartifact msdyn_planartifactid="c6d995c0-0b6f-f011-b4cc-6045bdf97a8f">
  <iscustomizable>1</iscustomizable>
  <msdyn_artifactmetadataschemaversion>1.0</msdyn_artifactmetadataschemaversion>
  <msdyn_artifactstatus>419550000</msdyn_artifactstatus>
  <msdyn_description>An AI copilot that helps technicians enter progress, summarize client info, and log communications, improving field data capture and communication.</msdyn_description>
  <msdyn_name>Field insight assistant</msdyn_name>
  <msdyn_proposal mimetype="application/octet-stream">Field%20insight%20assistant</msdyn_proposal>
  <msdyn_proposalschemaversion>1.0</msdyn_proposalschemaversion>
  <msdyn_type>CopilotStudioAgent</msdyn_type>
  <statecode>0</statecode>
  <statuscode>1</statuscode>
</msdyn_planartifact>