<msdyn_planartifact msdyn_planartifactid="bcd995c0-0b6f-f011-b4cc-6045bdf97a8f">
  <iscustomizable>1</iscustomizable>
  <msdyn_artifactmetadataschemaversion>1.0</msdyn_artifactmetadataschemaversion>
  <msdyn_artifactstatus>419550000</msdyn_artifactstatus>
  <msdyn_description>Interactive dashboard for managers to visualize job analytics, status distribution, and operational insights at a glance within the field service app.</msdyn_description>
  <msdyn_name>Field service reporting</msdyn_name>
  <msdyn_proposal mimetype="application/octet-stream">Field%20service%20reporting</msdyn_proposal>
  <msdyn_proposalschemaversion>1.0</msdyn_proposalschemaversion>
  <msdyn_type>PowerBIReport</msdyn_type>
  <statecode>0</statecode>
  <statuscode>1</statuscode>
</msdyn_planartifact>