<msdyn_planartifact msdyn_planartifactid="dbd995c0-0b6f-f011-b4cc-6045bdf97a8f">
  <iscustomizable>1</iscustomizable>
  <msdyn_artifactmetadataschemaversion>1.0</msdyn_artifactmetadataschemaversion>
  <msdyn_artifactstatus>419550000</msdyn_artifactstatus>
  <msdyn_description>Helps managers by offering quick analytics summaries, preparing quote/invoice drafts, and streamlining data verification for professional service delivery.</msdyn_description>
  <msdyn_name>Operations insight copilot</msdyn_name>
  <msdyn_proposal mimetype="application/octet-stream">Operations%20insight%20copilot</msdyn_proposal>
  <msdyn_proposalschemaversion>1.0</msdyn_proposalschemaversion>
  <msdyn_type>CopilotStudioAgent</msdyn_type>
  <statecode>0</statecode>
  <statuscode>1</statuscode>
</msdyn_planartifact>