<msdyn_planartifact msdyn_planartifactid="b6d995c0-0b6f-f011-b4cc-6045bdf97a8f">
  <iscustomizable>1</iscustomizable>
  <msdyn_artifactmetadata mimetype="application/octet-stream">undefined</msdyn_artifactmetadata>
  <msdyn_artifactmetadataschemaversion>1.0</msdyn_artifactmetadataschemaversion>
  <msdyn_artifactstatus>419550001</msdyn_artifactstatus>
  <msdyn_description>A modern, responsive field service app for technicians, dispatchers, and managers to manage jobs, clients, quotes, invoices, and communications efficiently.</msdyn_description>
  <msdyn_name>Fsm modern field service</msdyn_name>
  <msdyn_proposal mimetype="application/octet-stream">Fsm%20modern%20field%20service</msdyn_proposal>
  <msdyn_proposalschemaversion>1.0</msdyn_proposalschemaversion>
  <msdyn_type>PowerAppsCanvasApp</msdyn_type>
  <statecode>0</statecode>
  <statuscode>1</statuscode>
</msdyn_planartifact>