<msdyn_plan msdyn_planid="add995c0-0b6f-f011-b4cc-6045bdf97a8f">
  <iscustomizable>1</iscustomizable>
  <msdyn_content mimetype="application/octet-stream">Field%20Service%20Pro%20Canvas</msdyn_content>
  <msdyn_contentschemaversion>1.1</msdyn_contentschemaversion>
  <msdyn_description>This app empowers field techs, dispatchers, and managers to schedule, manage, and track jobs with modern UI, reporting, CRM, and offline capabilities.</msdyn_description>
  <msdyn_languagecode>1033</msdyn_languagecode>
  <msdyn_name>Field Service Pro Canvas</msdyn_name>
  <msdyn_prompt>Prompt Title: Field Service Management App with Collections &amp; Modern UI

Core Request: Design a comprehensive Field Service Management (FSM) software hosted on Power Apps (Canvas App) for a small-to-medium-sized business. The app should prioritize a clean, modern, and intuitive user interface. All primary data will be stored and managed using Power Apps collections for speed and offline capabilities. The app's design should be responsive for both desktop and tablet use.

Detailed Functional Requirements:

Job Management &amp; Scheduling:

Booking a new job: A dedicated screen with a form to enter all necessary job details: Client information (linked to the Client list), job type, description, required materials, estimated time, and priority level. The form should be validated to ensure all required fields are filled.

Efficient Scheduling: A dashboard view (e.g., a calendar or kanban board) that shows all upcoming jobs. This view should allow for easy drag-and-drop scheduling of jobs to specific technicians. Jobs should be color-coded based on their status (e.g., pending, in progress, completed).

Job Dashboard: A main dashboard that gives a high-level overview of all jobs. Clicking on a job from this dashboard should open a detailed view with all associated information, including:

Job details (description, client, location, priority)

Assigned technician(s)

Timeline of the job (start, end, progress updates)

Communications log (a feed of notes, photos, and messages related to the job)

Link to invoice/quote

Collections: Explain how to use Collect(), UpdateIf(), RemoveIf(), and ClearCollect() to manage job data within the app's local collections.

Client Management (Internal CRM):

Client List &amp; Dashboard: A dedicated screen to view a list of all clients. Each client entry should be a button or card that, when clicked, opens a detailed client dashboard.

Client Dashboard: This view should display all relevant client information (contact details, address) and a history of all jobs, quotes, and invoices associated with that client.

CRUD Form: A single, multi-mode form to perform Create, Read, Update, and Delete (CRUD) operations for client information. This form should dynamically switch between "View," "Edit," and "New" modes.

Collections: Detail the structure of the client collection, including fields for ClientID, ClientName, ContactPerson, PhoneNumber, Email, Address, etc.

Communication:

Easy Communications: The app should have a feature for easy, job-specific communication. This could be a text-based feed or a "notes" section on the job detail screen. This functionality should be a core part of the job dashboard.

Invoicing &amp; Quotes:

Quote Creation: Functionality to generate and send professional-looking quotes to clients directly from a job record. This should pull client and job details automatically.

Invoicing: The ability to convert a completed job into an invoice. This should include line items for labor and materials, with options to add taxes and discounts, and the ability to send the final invoice to the client.

Reporting &amp; Analytics:

Dashboard Reporting: A top-level report dashboard that provides at-a-glance insights:

Total number of jobs on the go (In Progress)

Number of pending jobs (Not yet scheduled)

Number of scheduled jobs

An intuitive visualization (e.g., a pie chart or bar chart) to show the job status distribution.

UI/UX Design Requirements:

Modern and Clean: Utilize a modern color palette, spacing, and typography. Avoid the default Power Apps themes. The design should be professional and easy on the eyes.

Intuitive Navigation: The app should have clear and consistent navigation (e.g., a left-hand navigation bar or a top-level menu) to move between the main screens (Jobs, Clients, Reports).

User-Centered: The design should be optimized for the end-user (field technicians, dispatchers, and management), with the most critical information always easy to access. Use icons and clear labels.

Resp</msdyn_prompt>
  <statecode>0</statecode>
  <statuscode>1</statuscode>
</msdyn_plan>