<msdyn_dataworkspace msdyn_dataworkspaceid="b2d995c0-0b6f-f011-b4cc-6045bdf97a8f">
  <iscustomizable>1</iscustomizable>
  <msdyn_content mimetype="application/octet-stream">Field%20Service%20Pro%20Canvas</msdyn_content>
  <msdyn_contentschemaversion>1.0</msdyn_contentschemaversion>
  <msdyn_description>Data workspace for - Field Service Pro Canvas</msdyn_description>
  <msdyn_name>Data workspace (Field Service Pro Canvas)</msdyn_name>
  <statecode>0</statecode>
  <statuscode>1</statuscode>
</msdyn_dataworkspace>